<?xml version='1.0' encoding='UTF-8'?>  
<!DOCTYPE hibernate-mapping PUBLIC  
          "-//Hibernate/Hibernate Mapping DTD 3.0//EN"  
          "http://hibernate.sourceforge.net/hibernate-mapping-3.0.dtd">

<hibernate-mapping package="com.kb.model">
	<class name="Bank" table="Bank">

		<id name="bankId" type="int">
			<column name="Bank_Id" />
			<generator class="increment" />
		</id>

		<property name="name" column="Name" />
		<property name="branchName" column="Branch_Name" />
		<property name="swiftCode" column="Swift_Code" />
		<set name="customers" table="Bank_Customer"
			inverse="false" lazy="true" fetch="select" cascade="all">
			<key column="Bank_Id" />
			<many-to-many column="Customer_Id" class="Customer" />
		</set>
	</class>
</hibernate-mapping>  